# protected.tsv — GENERATED by scripts/extract/gen_seed_protected.sh; never edit by hand.
# Oracle: leanprover/lean4 v4.32.0 commit 8c9756b28d64dab099da31a4c09229a9e6a2ef35 (verified against SUITE.lock).
# Every constant of the source seed and its status at the pin under import Init:
# protected, unprotected, alias (no such constant, but an export alias resolves it), or absent. Columns: name, status.
schema fln-seed-protected/2
Add	unprotected
Add.add	unprotected
Add.mk	unprotected
Add.rec	unprotected
And	unprotected
And.intro	unprotected
And.left	unprotected
And.rec	unprotected
And.right	unprotected
AndOp	unprotected
AndOp.and	unprotected
AndOp.mk	unprotected
AndOp.rec	unprotected
Append	unprotected
Append.append	unprotected
Append.mk	unprotected
Append.rec	unprotected
BEq	unprotected
BEq.beq	unprotected
BEq.mk	unprotected
BEq.rec	unprotected
Bool	unprotected
Bool.decEq	unprotected
Bool.false	unprotected
Bool.rec	unprotected
Bool.true	unprotected
Decidable	unprotected
Decidable.isFalse	unprotected
Decidable.isTrue	unprotected
Decidable.rec	unprotected
DecidableEq	unprotected
Div	unprotected
Div.div	unprotected
Div.mk	unprotected
Div.rec	unprotected
Eq	unprotected
Eq.rec	unprotected
Eq.refl	unprotected
False	unprotected
False.elim	unprotected
False.rec	unprotected
Float	unprotected
Float.abs	unprotected
Float.acos	unprotected
Float.acosh	unprotected
Float.add	unprotected
Float.asin	unprotected
Float.asinh	unprotected
Float.atan	unprotected
Float.atan2	unprotected
Float.atanh	unprotected
Float.beq	unprotected
Float.cbrt	unprotected
Float.ceil	unprotected
Float.cos	unprotected
Float.cosh	unprotected
Float.decLe	unprotected
Float.decLt	unprotected
Float.div	unprotected
Float.exp	unprotected
Float.exp2	unprotected
Float.floor	unprotected
Float.isFinite	unprotected
Float.isInf	unprotected
Float.isNaN	unprotected
Float.le	unprotected
Float.log	unprotected
Float.log10	unprotected
Float.log2	unprotected
Float.lt	unprotected
Float.mul	unprotected
Float.neg	unprotected
Float.ofBits	unprotected
Float.ofNat	unprotected
Float.ofScientific	protected
Float.pow	unprotected
Float.round	unprotected
Float.sin	unprotected
Float.sinh	unprotected
Float.sqrt	unprotected
Float.sub	unprotected
Float.tan	unprotected
Float.tanh	unprotected
Float.toBits	unprotected
Float.toFloat32	unprotected
Float.toString	unprotected
Float.toUInt32	unprotected
Float.toUInt64	unprotected
Float32	unprotected
Float32.abs	unprotected
Float32.acos	unprotected
Float32.acosh	unprotected
Float32.add	unprotected
Float32.asin	unprotected
Float32.asinh	unprotected
Float32.atan	unprotected
Float32.atan2	unprotected
Float32.atanh	unprotected
Float32.beq	unprotected
Float32.cbrt	unprotected
Float32.ceil	unprotected
Float32.cos	unprotected
Float32.cosh	unprotected
Float32.decLe	unprotected
Float32.decLt	unprotected
Float32.div	unprotected
Float32.exp	unprotected
Float32.exp2	unprotected
Float32.floor	unprotected
Float32.isFinite	unprotected
Float32.isInf	unprotected
Float32.isNaN	unprotected
Float32.le	unprotected
Float32.log	unprotected
Float32.log10	unprotected
Float32.log2	unprotected
Float32.lt	unprotected
Float32.mul	unprotected
Float32.neg	unprotected
Float32.ofBits	unprotected
Float32.ofNat	unprotected
Float32.ofScientific	protected
Float32.pow	unprotected
Float32.round	unprotected
Float32.sin	unprotected
Float32.sinh	unprotected
Float32.sqrt	unprotected
Float32.sub	unprotected
Float32.tan	unprotected
Float32.tanh	unprotected
Float32.toBits	unprotected
Float32.toFloat	unprotected
Float32.toString	unprotected
Float32.toUInt32	unprotected
Float32.toUInt64	unprotected
HAdd	unprotected
HAdd.hAdd	unprotected
HAdd.mk	unprotected
HAdd.rec	unprotected
HAnd	unprotected
HAnd.hAnd	unprotected
HAnd.mk	unprotected
HAnd.rec	unprotected
HAppend	unprotected
HAppend.hAppend	unprotected
HAppend.mk	unprotected
HAppend.rec	unprotected
HDiv	unprotected
HDiv.hDiv	unprotected
HDiv.mk	unprotected
HDiv.rec	unprotected
HEq	unprotected
HEq.rec	unprotected
HEq.refl	unprotected
HEq.symm	unprotected
HEq.trans	unprotected
HMod	unprotected
HMod.hMod	unprotected
HMod.mk	unprotected
HMod.rec	unprotected
HMul	unprotected
HMul.hMul	unprotected
HMul.mk	unprotected
HMul.rec	unprotected
HOr	unprotected
HOr.hOr	unprotected
HOr.mk	unprotected
HOr.rec	unprotected
HPow	unprotected
HPow.hPow	unprotected
HPow.mk	unprotected
HPow.rec	unprotected
HShiftLeft	unprotected
HShiftLeft.hShiftLeft	unprotected
HShiftLeft.mk	unprotected
HShiftLeft.rec	unprotected
HShiftRight	unprotected
HShiftRight.hShiftRight	unprotected
HShiftRight.mk	unprotected
HShiftRight.rec	unprotected
HSub	unprotected
HSub.hSub	unprotected
HSub.mk	unprotected
HSub.rec	unprotected
HXor	unprotected
HXor.hXor	unprotected
HXor.mk	unprotected
HXor.rec	unprotected
Iff	unprotected
Iff.intro	unprotected
Iff.mp	unprotected
Iff.mpr	unprotected
Iff.rec	unprotected
Inhabited	unprotected
Inhabited.default	unprotected
Inhabited.mk	unprotected
Inhabited.rec	unprotected
List	unprotected
List.append	protected
List.cons	unprotected
List.foldl	unprotected
List.foldr	unprotected
List.head?	unprotected
List.length	unprotected
List.map	unprotected
List.nil	unprotected
List.rec	unprotected
List.reverse	unprotected
List.tail	unprotected
Mod	unprotected
Mod.mk	unprotected
Mod.mod	unprotected
Mod.rec	unprotected
Mul	unprotected
Mul.mk	unprotected
Mul.mul	unprotected
Mul.rec	unprotected
Nat	unprotected
Nat.add	protected
Nat.add._f	unprotected
Nat.add.match_1	unprotected
Nat.below	protected
Nat.beq	unprotected
Nat.ble	unprotected
Nat.brecOn	protected
Nat.brecOn.go	protected
Nat.casesOn	unprotected
Nat.decEq	protected
Nat.decLe	unprotected
Nat.decLt	unprotected
Nat.div	protected
Nat.gcd	unprotected
Nat.instAndOp	unprotected
Nat.instDiv	unprotected
Nat.instMod	unprotected
Nat.instOrOp	unprotected
Nat.instShiftLeft	unprotected
Nat.instShiftRight	unprotected
Nat.instXorOp	unprotected
Nat.land	unprotected
Nat.log2	unprotected
Nat.lor	unprotected
Nat.mod	protected
Nat.mul	protected
Nat.pow	protected
Nat.pred	unprotected
Nat.rec	unprotected
Nat.shiftLeft	unprotected
Nat.shiftRight	unprotected
Nat.sub	protected
Nat.succ	unprotected
Nat.toFloat	unprotected
Nat.toFloat32	unprotected
Nat.xor	unprotected
Nat.zero	unprotected
NatPow	unprotected
NatPow.mk	unprotected
NatPow.pow	protected
NatPow.rec	unprotected
Ne	unprotected
Neg	unprotected
Neg.mk	unprotected
Neg.neg	unprotected
Neg.rec	unprotected
Not	unprotected
OfNat	unprotected
OfNat.mk	unprotected
OfNat.ofNat	unprotected
OfNat.rec	unprotected
OfScientific	unprotected
OfScientific.mk	unprotected
OfScientific.ofScientific	unprotected
OfScientific.rec	unprotected
Option	unprotected
Option.bind	protected
Option.getD	unprotected
Option.instDecidableEq	unprotected
Option.isNone	unprotected
Option.isSome	unprotected
Option.map	protected
Option.none	unprotected
Option.rec	unprotected
Option.some	unprotected
Or	unprotected
Or.elim	unprotected
Or.inl	unprotected
Or.inr	unprotected
Or.rec	unprotected
OrOp	unprotected
OrOp.mk	unprotected
OrOp.or	unprotected
OrOp.rec	unprotected
PProd	unprotected
PProd.mk	unprotected
PProd.rec	unprotected
PUnit	unprotected
PUnit.rec	unprotected
PUnit.unit	unprotected
Pow	unprotected
Pow.mk	unprotected
Pow.pow	unprotected
Pow.rec	unprotected
Quot	unprotected
Quot.ind	unprotected
Quot.lift	unprotected
Quot.mk	unprotected
Quot.sound	unprotected
ShiftLeft	unprotected
ShiftLeft.mk	unprotected
ShiftLeft.rec	unprotected
ShiftLeft.shiftLeft	unprotected
ShiftRight	unprotected
ShiftRight.mk	unprotected
ShiftRight.rec	unprotected
ShiftRight.shiftRight	unprotected
String	unprotected
String.append	unprotected
String.decEq	unprotected
String.instInhabited	unprotected
String.length	unprotected
String.utf8ByteSize	unprotected
Sub	unprotected
Sub.mk	unprotected
Sub.rec	unprotected
Sub.sub	unprotected
True	unprotected
True.intro	unprotected
True.rec	unprotected
UInt32	unprotected
UInt32.instOfNat	unprotected
UInt32.ofNat	unprotected
UInt32.toFloat	unprotected
UInt32.toFloat32	unprotected
UInt32.toNat	unprotected
UInt64	unprotected
UInt64.instOfNat	unprotected
UInt64.ofNat	unprotected
UInt64.toFloat	unprotected
UInt64.toFloat32	unprotected
UInt64.toNat	unprotected
XorOp	unprotected
XorOp.mk	unprotected
XorOp.rec	unprotected
XorOp.xor	unprotected
_fln_numeric.beqString	absent
decEq	unprotected
decide	alias
default	alias
dite	unprotected
eq_of_heq	unprotected
heq_of_eq	unprotected
inferInstance	unprotected
instAddFloat	unprotected
instAddFloat32	unprotected
instAddNat	unprotected
instAppendString	unprotected
instBEqFloat	unprotected
instBEqFloat32	unprotected
instBEqOfDecidableEq	unprotected
instDecidableAnd	unprotected
instDecidableEqBool	unprotected
instDecidableEqNat	unprotected
instDecidableFalse	unprotected
instDecidableForall	unprotected
instDecidableIff	unprotected
instDecidableNot	unprotected
instDecidableOr	unprotected
instDecidableTrue	unprotected
instDivFloat	unprotected
instDivFloat32	unprotected
instHAdd	unprotected
instHAndOfAndOp	unprotected
instHAppendOfAppend	unprotected
instHDiv	unprotected
instHMod	unprotected
instHMul	unprotected
instHOrOfOrOp	unprotected
instHPow	unprotected
instHShiftLeftOfShiftLeft	unprotected
instHShiftRightOfShiftRight	unprotected
instHSub	unprotected
instHXorOfXorOp	unprotected
instInhabitedBool	unprotected
instInhabitedFloat	unprotected
instInhabitedFloat32	unprotected
instInhabitedNat	unprotected
instMulFloat	unprotected
instMulFloat32	unprotected
instMulNat	unprotected
instNatPowNat	unprotected
instNegFloat	unprotected
instNegFloat32	unprotected
instOfNatFloat	unprotected
instOfNatFloat32	unprotected
instOfNatNat	unprotected
instOfScientificFloat	unprotected
instOfScientificFloat32	unprotected
instPowNat	unprotected
instSubFloat	unprotected
instSubFloat32	unprotected
instSubNat	unprotected
ite	unprotected
of_decide_eq_true	unprotected
outParam	unprotected
propext	unprotected
rfl	unprotected
semiOutParam	unprotected
type_eq_of_heq	unprotected
